{
  "bindings": [
    {
      "name": "mySbMsg",
      "type": "serviceBusTrigger",
      "direction": "in",
      "topicName": "products",
      "subscriptionName": "catA",
      "connection": "function_RootManageSharedAccessKey_SERVICEBUS",
      "accessRights": "Listen"
    },
    {
      "type": "table",
      "name": "outputTable",
      "tableName": "catA",
      "connection": "function_RootManageSharedAccessKey_STORAGE",
      "direction": "out"
    }
  ],
  "disabled": false
}