{
  "bindings": [
    {
      "authLevel": "function",
      "name": "req",
      "type": "httpTrigger",
      "direction": "in",
      "methods": [
        "get",
        "post"
      ]
    },
    {
      "name": "$return",
      "type": "http",
      "direction": "out"
    },
    {
      "type": "serviceBus",
      "connection": "function_RootManageSharedAccessKey_SERVICEBUS",
      "name": "outputSbMsg",
      "topicName": "products",
      "accessRights": "Manage",
      "direction": "out"
    }
  ],
  "disabled": false
}